[
   {
      "model":"contenttypes.contenttype",
      "fields":{
         "model":"logentry",
         "app_label":"admin"
      },
      "pk":1
   },
   {
      "model":"contenttypes.contenttype",
      "fields":{
         "model":"permission",
         "app_label":"auth"
      },
      "pk":2
   },
   {
      "model":"contenttypes.contenttype",
      "fields":{
         "model":"group",
         "app_label":"auth"
      },
      "pk":3
   },
   {
      "model":"contenttypes.contenttype",
      "fields":{
         "model":"user",
         "app_label":"auth"
      },
      "pk":4
   },
   {
      "model":"contenttypes.contenttype",
      "fields":{
         "model":"contenttype",
         "app_label":"contenttypes"
      },
      "pk":5
   },
   {
      "model":"contenttypes.contenttype",
      "fields":{
         "model":"session",
         "app_label":"sessions"
      },
      "pk":6
   },
   {
      "model":"contenttypes.contenttype",
      "fields":{
         "model":"vehiclemanufacturer",
         "app_label":"vehicles"
      },
      "pk":7
   },
   {
      "model":"contenttypes.contenttype",
      "fields":{
         "model":"vehiclemodel",
         "app_label":"vehicles"
      },
      "pk":8
   },
   {
      "model":"contenttypes.contenttype",
      "fields":{
         "model":"vehicle",
         "app_label":"vehicles"
      },
      "pk":9
   },
   {
      "model":"vehicles.vehiclemanufacturer",
      "fields":{
         "name":"manufac0v"
      },
      "pk":1
   },
   {
      "model":"vehicles.vehiclemanufacturer",
      "fields":{
         "name":"manufac1v"
      },
      "pk":2
   },
   {
      "model":"vehicles.vehiclemanufacturer",
      "fields":{
         "name":"manufac2v"
      },
      "pk":3
   },
   {
      "model":"vehicles.vehiclemanufacturer",
      "fields":{
         "name":"manufac3v"
      },
      "pk":4
   },
   {
      "model":"vehicles.vehiclemanufacturer",
      "fields":{
         "name":"manufac4v"
      },
      "pk":5
   },
   {
      "model":"vehicles.vehiclemanufacturer",
      "fields":{
         "name":"manufac5v"
      },
      "pk":6
   },
   {
      "model":"vehicles.vehiclemanufacturer",
      "fields":{
         "name":"manufac6v"
      },
      "pk":7
   },
   {
      "model":"vehicles.vehiclemanufacturer",
      "fields":{
         "name":"manufac7v"
      },
      "pk":8
   },
   {
      "model":"vehicles.vehiclemanufacturer",
      "fields":{
         "name":"manufac8v"
      },
      "pk":9
   },
   {
      "model":"vehicles.vehiclemanufacturer",
      "fields":{
         "name":"manufac9v"
      },
      "pk":10
   },
   {
      "model":"vehicles.vehiclemanufacturer",
      "fields":{
         "name":"manufac10v"
      },
      "pk":11
   },
   {
      "model":"vehicles.vehiclemanufacturer",
      "fields":{
         "name":"manufac11v"
      },
      "pk":12
   },
   {
      "model":"vehicles.vehiclemanufacturer",
      "fields":{
         "name":"manufac12v"
      },
      "pk":13
   },
   {
      "model":"vehicles.vehiclemanufacturer",
      "fields":{
         "name":"manufac13v"
      },
      "pk":14
   },
   {
      "model":"vehicles.vehiclemanufacturer",
      "fields":{
         "name":"manufac14v"
      },
      "pk":15
   },
   {
      "model":"vehicles.vehiclemanufacturer",
      "fields":{
         "name":"manufac15v"
      },
      "pk":16
   },
   {
      "model":"vehicles.vehiclemanufacturer",
      "fields":{
         "name":"manufac16v"
      },
      "pk":17
   },
   {
      "model":"vehicles.vehiclemanufacturer",
      "fields":{
         "name":"manufac17v"
      },
      "pk":18
   },
   {
      "model":"vehicles.vehiclemanufacturer",
      "fields":{
         "name":"manufac18v"
      },
      "pk":19
   },
   {
      "model":"vehicles.vehiclemanufacturer",
      "fields":{
         "name":"manufac19v"
      },
      "pk":20
   },
   {
      "model":"vehicles.vehiclemanufacturer",
      "fields":{
         "name":"manufac20v"
      },
      "pk":21
   },
   {
      "model":"vehicles.vehiclemodel",
      "fields":{
         "name":"model0",
         "vehicle_type":"CAR",
         "motor":1000,
         "manufacturer":1
      },
      "pk":1
   },
   {
      "model":"vehicles.vehiclemodel",
      "fields":{
         "name":"model1",
         "vehicle_type":"CAR",
         "motor":1000,
         "manufacturer":2
      },
      "pk":2
   },
   {
      "model":"vehicles.vehiclemodel",
      "fields":{
         "name":"model2",
         "vehicle_type":"CAR",
         "motor":1000,
         "manufacturer":3
      },
      "pk":3
   },
   {
      "model":"vehicles.vehiclemodel",
      "fields":{
         "name":"model3",
         "vehicle_type":"CAR",
         "motor":1000,
         "manufacturer":4
      },
      "pk":4
   },
   {
      "model":"vehicles.vehiclemodel",
      "fields":{
         "name":"model4",
         "vehicle_type":"CAR",
         "motor":1000,
         "manufacturer":5
      },
      "pk":5
   },
   {
      "model":"vehicles.vehiclemodel",
      "fields":{
         "name":"model5",
         "vehicle_type":"CAR",
         "motor":1000,
         "manufacturer":6
      },
      "pk":6
   },
   {
      "model":"vehicles.vehiclemodel",
      "fields":{
         "name":"model6",
         "vehicle_type":"CAR",
         "motor":1000,
         "manufacturer":7
      },
      "pk":7
   },
   {
      "model":"vehicles.vehiclemodel",
      "fields":{
         "name":"model7",
         "vehicle_type":"CAR",
         "motor":1000,
         "manufacturer":8
      },
      "pk":8
   },
   {
      "model":"vehicles.vehiclemodel",
      "fields":{
         "name":"model8",
         "vehicle_type":"CAR",
         "motor":1000,
         "manufacturer":9
      },
      "pk":9
   },
   {
      "model":"vehicles.vehiclemodel",
      "fields":{
         "name":"model9",
         "vehicle_type":"CAR",
         "motor":1000,
         "manufacturer":10
      },
      "pk":10
   },
   {
      "model":"vehicles.vehiclemodel",
      "fields":{
         "name":"model10",
         "vehicle_type":"CAR",
         "motor":1000,
         "manufacturer":11
      },
      "pk":11
   },
   {
      "model":"vehicles.vehiclemodel",
      "fields":{
         "name":"model11",
         "vehicle_type":"CAR",
         "motor":1000,
         "manufacturer":12
      },
      "pk":12
   },
   {
      "model":"vehicles.vehiclemodel",
      "fields":{
         "name":"model12",
         "vehicle_type":"CAR",
         "motor":1000,
         "manufacturer":13
      },
      "pk":13
   },
   {
      "model":"vehicles.vehiclemodel",
      "fields":{
         "name":"model13",
         "vehicle_type":"CAR",
         "motor":1000,
         "manufacturer":14
      },
      "pk":14
   },
   {
      "model":"vehicles.vehiclemodel",
      "fields":{
         "name":"model14",
         "vehicle_type":"CAR",
         "motor":1000,
         "manufacturer":15
      },
      "pk":15
   },
   {
      "model":"vehicles.vehiclemodel",
      "fields":{
         "name":"model15",
         "vehicle_type":"CAR",
         "motor":1000,
         "manufacturer":16
      },
      "pk":16
   },
   {
      "model":"vehicles.vehiclemodel",
      "fields":{
         "name":"model16",
         "vehicle_type":"CAR",
         "motor":1000,
         "manufacturer":17
      },
      "pk":17
   },
   {
      "model":"vehicles.vehiclemodel",
      "fields":{
         "name":"model17",
         "vehicle_type":"CAR",
         "motor":1000,
         "manufacturer":18
      },
      "pk":18
   },
   {
      "model":"vehicles.vehiclemodel",
      "fields":{
         "name":"model18",
         "vehicle_type":"CAR",
         "motor":1000,
         "manufacturer":19
      },
      "pk":19
   },
   {
      "model":"vehicles.vehiclemodel",
      "fields":{
         "name":"model19",
         "vehicle_type":"CAR",
         "motor":1000,
         "manufacturer":20
      },
      "pk":20
   },
   {
      "model":"vehicles.vehiclemodel",
      "fields":{
         "name":"model20",
         "vehicle_type":"CAR",
         "motor":1000,
         "manufacturer":21
      },
      "pk":21
   },
   {
      "model":"vehicles.vehicle",
      "fields":{
         "vehicle_model":1,
         "year":1999,
         "mileage":100000,
         "color":"azul"
      },
      "pk":1
   },
   {
      "model":"vehicles.vehicle",
      "fields":{
         "vehicle_model":2,
         "year":1999,
         "mileage":100000,
         "color":"azul"
      },
      "pk":2
   },
   {
      "model":"vehicles.vehicle",
      "fields":{
         "vehicle_model":3,
         "year":1999,
         "mileage":100000,
         "color":"preto"
      },
      "pk":3
   },
   {
      "model":"vehicles.vehicle",
      "fields":{
         "vehicle_model":4,
         "year":2015,
         "mileage":100000,
         "color":"prata"
      },
      "pk":4
   },
   {
      "model":"vehicles.vehicle",
      "fields":{
         "vehicle_model":5,
         "year":1999,
         "mileage":100000,
         "color":"azul"
      },
      "pk":5
   },
   {
      "model":"vehicles.vehicle",
      "fields":{
         "vehicle_model":6,
         "year":2015,
         "mileage":100000,
         "color":"azul"
      },
      "pk":6
   },
   {
      "model":"vehicles.vehicle",
      "fields":{
         "vehicle_model":7,
         "year":2015,
         "mileage":100000,
         "color":"azul"
      },
      "pk":7
   },
   {
      "model":"vehicles.vehicle",
      "fields":{
         "vehicle_model":8,
         "year":2010,
         "mileage":100000,
         "color":"prata"
      },
      "pk":8
   },
   {
      "model":"vehicles.vehicle",
      "fields":{
         "vehicle_model":9,
         "year":2015,
         "mileage":100000,
         "color":"preto"
      },
      "pk":9
   },
   {
      "model":"vehicles.vehicle",
      "fields":{
         "vehicle_model":10,
         "year":1999,
         "mileage":100000,
         "color":"azul"
      },
      "pk":10
   },
   {
      "model":"vehicles.vehicle",
      "fields":{
         "vehicle_model":11,
         "year":1999,
         "mileage":100000,
         "color":"preto"
      },
      "pk":11
   },
   {
      "model":"vehicles.vehicle",
      "fields":{
         "vehicle_model":12,
         "year":2010,
         "mileage":100000,
         "color":"prata"
      },
      "pk":12
   },
   {
      "model":"vehicles.vehicle",
      "fields":{
         "vehicle_model":13,
         "year":1999,
         "mileage":100000,
         "color":"prata"
      },
      "pk":13
   },
   {
      "model":"vehicles.vehicle",
      "fields":{
         "vehicle_model":14,
         "year":1999,
         "mileage":100000,
         "color":"azul"
      },
      "pk":14
   },
   {
      "model":"vehicles.vehicle",
      "fields":{
         "vehicle_model":15,
         "year":2010,
         "mileage":100000,
         "color":"prata"
      },
      "pk":15
   },
   {
      "model":"vehicles.vehicle",
      "fields":{
         "vehicle_model":16,
         "year":2015,
         "mileage":100000,
         "color":"prata"
      },
      "pk":16
   },
   {
      "model":"vehicles.vehicle",
      "fields":{
         "vehicle_model":17,
         "year":2010,
         "mileage":100000,
         "color":"preto"
      },
      "pk":17
   },
   {
      "model":"vehicles.vehicle",
      "fields":{
         "vehicle_model":18,
         "year":2015,
         "mileage":100000,
         "color":"preto"
      },
      "pk":18
   },
   {
      "model":"vehicles.vehicle",
      "fields":{
         "vehicle_model":19,
         "year":1999,
         "mileage":100000,
         "color":"preto"
      },
      "pk":19
   },
   {
      "model":"vehicles.vehicle",
      "fields":{
         "vehicle_model":20,
         "year":2015,
         "mileage":100000,
         "color":"azul"
      },
      "pk":20
   },
   {
      "model":"vehicles.vehicle",
      "fields":{
         "vehicle_model":21,
         "year":2015,
         "mileage":100000,
         "color":"preto"
      },
      "pk":21
   },
   {
      "model":"auth.permission",
      "fields":{
         "content_type":1,
         "name":"Can add log entry",
         "codename":"add_logentry"
      },
      "pk":1
   },
   {
      "model":"auth.permission",
      "fields":{
         "content_type":1,
         "name":"Can change log entry",
         "codename":"change_logentry"
      },
      "pk":2
   },
   {
      "model":"auth.permission",
      "fields":{
         "content_type":1,
         "name":"Can delete log entry",
         "codename":"delete_logentry"
      },
      "pk":3
   },
   {
      "model":"auth.permission",
      "fields":{
         "content_type":2,
         "name":"Can add permission",
         "codename":"add_permission"
      },
      "pk":4
   },
   {
      "model":"auth.permission",
      "fields":{
         "content_type":2,
         "name":"Can change permission",
         "codename":"change_permission"
      },
      "pk":5
   },
   {
      "model":"auth.permission",
      "fields":{
         "content_type":2,
         "name":"Can delete permission",
         "codename":"delete_permission"
      },
      "pk":6
   },
   {
      "model":"auth.permission",
      "fields":{
         "content_type":3,
         "name":"Can add group",
         "codename":"add_group"
      },
      "pk":7
   },
   {
      "model":"auth.permission",
      "fields":{
         "content_type":3,
         "name":"Can change group",
         "codename":"change_group"
      },
      "pk":8
   },
   {
      "model":"auth.permission",
      "fields":{
         "content_type":3,
         "name":"Can delete group",
         "codename":"delete_group"
      },
      "pk":9
   },
   {
      "model":"auth.permission",
      "fields":{
         "content_type":4,
         "name":"Can add user",
         "codename":"add_user"
      },
      "pk":10
   },
   {
      "model":"auth.permission",
      "fields":{
         "content_type":4,
         "name":"Can change user",
         "codename":"change_user"
      },
      "pk":11
   },
   {
      "model":"auth.permission",
      "fields":{
         "content_type":4,
         "name":"Can delete user",
         "codename":"delete_user"
      },
      "pk":12
   },
   {
      "model":"auth.permission",
      "fields":{
         "content_type":5,
         "name":"Can add content type",
         "codename":"add_contenttype"
      },
      "pk":13
   },
   {
      "model":"auth.permission",
      "fields":{
         "content_type":5,
         "name":"Can change content type",
         "codename":"change_contenttype"
      },
      "pk":14
   },
   {
      "model":"auth.permission",
      "fields":{
         "content_type":5,
         "name":"Can delete content type",
         "codename":"delete_contenttype"
      },
      "pk":15
   },
   {
      "model":"auth.permission",
      "fields":{
         "content_type":6,
         "name":"Can add session",
         "codename":"add_session"
      },
      "pk":16
   },
   {
      "model":"auth.permission",
      "fields":{
         "content_type":6,
         "name":"Can change session",
         "codename":"change_session"
      },
      "pk":17
   },
   {
      "model":"auth.permission",
      "fields":{
         "content_type":6,
         "name":"Can delete session",
         "codename":"delete_session"
      },
      "pk":18
   },
   {
      "model":"auth.permission",
      "fields":{
         "content_type":7,
         "name":"Can add vehicle manufacturer",
         "codename":"add_vehiclemanufacturer"
      },
      "pk":19
   },
   {
      "model":"auth.permission",
      "fields":{
         "content_type":7,
         "name":"Can change vehicle manufacturer",
         "codename":"change_vehiclemanufacturer"
      },
      "pk":20
   },
   {
      "model":"auth.permission",
      "fields":{
         "content_type":7,
         "name":"Can delete vehicle manufacturer",
         "codename":"delete_vehiclemanufacturer"
      },
      "pk":21
   },
   {
      "model":"auth.permission",
      "fields":{
         "content_type":8,
         "name":"Can add vehicle model",
         "codename":"add_vehiclemodel"
      },
      "pk":22
   },
   {
      "model":"auth.permission",
      "fields":{
         "content_type":8,
         "name":"Can change vehicle model",
         "codename":"change_vehiclemodel"
      },
      "pk":23
   },
   {
      "model":"auth.permission",
      "fields":{
         "content_type":8,
         "name":"Can delete vehicle model",
         "codename":"delete_vehiclemodel"
      },
      "pk":24
   },
   {
      "model":"auth.permission",
      "fields":{
         "content_type":9,
         "name":"Can add vehicle",
         "codename":"add_vehicle"
      },
      "pk":25
   },
   {
      "model":"auth.permission",
      "fields":{
         "content_type":9,
         "name":"Can change vehicle",
         "codename":"change_vehicle"
      },
      "pk":26
   },
   {
      "model":"auth.permission",
      "fields":{
         "content_type":9,
         "name":"Can delete vehicle",
         "codename":"delete_vehicle"
      },
      "pk":27
   }
]